B,n,snr,icc,rho,method,j,sd,bias,mse,coverage,n_rep_used,mean_Nj,min_Nj
5,1000,0.3,0.2,0.3,ours,1,0.0,0.0,0.0,1.0,200,1000.0,1000.0
5,1000,0.3,0.2,0.3,ours,2,0.037997577440638294,0.0007391446499619389,0.001437143146714085,0.965,200,664.95,630.0
5,1000,0.3,0.2,0.3,ours,3,0.05087483328696574,-0.003403946735909868,0.0025868942720475856,0.955,200,443.135,408.0
5,1000,0.3,0.2,0.3,ours,4,0.06571475610266082,0.0045030663296911026,0.0043171146301536345,0.945,200,295.3,261.0
5,1000,0.3,0.2,0.3,ours,5,0.07860949745692584,0.0011264315920967141,0.006149824673109951,0.93,200,197.26,167.0
5,1000,0.3,0.2,0.3,naive,1,0.0,0.0,0.0,1.0,200,1000.0,1000.0
5,1000,0.3,0.2,0.3,naive,2,0.037313279100229586,0.06268839671135541,0.005315154475465849,0.825,200,664.95,630.0
5,1000,0.3,0.2,0.3,naive,3,0.052353608425311976,0.10222854233890198,0.013177870682311816,0.56,200,443.135,408.0
5,1000,0.3,0.2,0.3,naive,4,0.06360576591505608,0.13998363676222775,0.023620883551532027,0.4,200,295.3,261.0
5,1000,0.3,0.2,0.3,naive,5,0.07683252604558458,0.1527481928964822,0.02920573130639365,0.475,200,197.26,167.0
5,1000,0.3,0.2,0.6,ours,1,0.0,0.0,0.0,1.0,200,1000.0,1000.0
5,1000,0.3,0.2,0.6,ours,2,0.028158626629242685,-0.00029677571906460494,0.0007890317882042964,0.955,200,666.355,618.0
5,1000,0.3,0.2,0.6,ours,3,0.042138912614121435,0.00012677064576344218,0.0017668255873156868,0.955,200,441.885,400.0
5,1000,0.3,0.2,0.6,ours,4,0.0533894523739061,0.0003813699147688626,0.00283632689967355,0.965,200,294.56,260.0
5,1000,0.3,0.2,0.6,ours,5,0.06686642192073174,0.004629327295503052,0.004470193459787798,0.965,200,195.58,169.0
5,1000,0.3,0.2,0.6,naive,1,0.0,0.0,0.0,1.0,200,1000.0,1000.0
5,1000,0.3,0.2,0.6,naive,2,0.03141623036375558,0.06200873192057495,0.004827127467014945,0.86,200,666.355,618.0
5,1000,0.3,0.2,0.6,naive,3,0.04502802101968994,0.10600105013663821,0.013253607693634982,0.545,200,441.885,400.0
5,1000,0.3,0.2,0.6,naive,4,0.05453420420547113,0.13439013657798246,0.021019818340631186,0.455,200,294.56,260.0
5,1000,0.3,0.2,0.6,naive,5,0.07379931595437747,0.1504958159962477,0.02806809797253381,0.505,200,195.58,169.0
5,1000,0.3,0.2,0.8,ours,1,0.0,0.0,0.0,1.0,200,1000.0,1000.0
5,1000,0.3,0.2,0.8,ours,2,0.021762688488752707,0.0012400865331783876,0.0004727843518169676,0.925,200,666.21,624.0
5,1000,0.3,0.2,0.8,ours,3,0.036707123652659775,0.0016001115029750507,0.0013432362190393494,0.93,200,443.625,391.0
5,1000,0.3,0.2,0.8,ours,4,0.046235443308676454,0.0036359365753677697,0.0021402476716401823,0.93,200,295.44,251.0
5,1000,0.3,0.2,0.8,ours,5,0.06051886506093788,0.0020094207448956318,0.0036482581348527042,0.925,200,197.44,160.0
5,1000,0.3,0.2,0.8,naive,1,0.0,0.0,0.0,1.0,200,1000.0,1000.0
5,1000,0.3,0.2,0.8,naive,2,0.027459589842361604,0.06390958023612332,0.004834693374896661,0.865,200,666.21,624.0
5,1000,0.3,0.2,0.8,naive,3,0.04377228543925996,0.10650343819030506,0.0132494152540693,0.475,200,443.625,391.0
5,1000,0.3,0.2,0.8,naive,4,0.05649279221148476,0.13733854724232067,0.02203735495262189,0.415,200,295.44,251.0
5,1000,0.3,0.2,0.8,naive,5,0.06758776898998209,0.14867650830940213,0.026649970107533685,0.47,200,197.44,160.0
5,1000,0.2,0.2,0.3,ours,1,0.0,0.0,0.0,1.0,200,1000.0,1000.0
5,1000,0.2,0.2,0.3,ours,2,0.06411352644344023,-0.0029381108227817974,0.004098624046855589,0.93,200,666.345,625.0
5,1000,0.2,0.2,0.3,ours,3,0.08132207862437063,-0.0020348021994082382,0.006584354489420094,0.925,200,444.855,397.0
5,1000,0.2,0.2,0.3,ours,4,0.10783439988357064,0.0043530147699817985,0.011589065246846253,0.905,200,297.66,262.0
5,1000,0.2,0.2,0.3,ours,5,0.12028702677491246,0.00024607222923364147,0.014396684517838765,0.93,200,198.395,163.0
5,1000,0.2,0.2,0.3,naive,1,0.0,0.0,0.0,1.0,200,1000.0,1000.0
5,1000,0.2,0.2,0.3,naive,2,0.06325924418765377,0.058633950660838326,0.007419663485414865,0.9,200,666.345,625.0
5,1000,0.2,0.2,0.3,naive,3,0.07437224721918424,0.1032712665699563,0.016168529499612273,0.815,200,444.855,397.0
5,1000,0.2,0.2,0.3,naive,4,0.09973313154291157,0.13695143307489563,0.02865265906098654,0.685,200,297.66,262.0
5,1000,0.2,0.2,0.3,naive,5,0.10843361049831717,0.14634760217718465,0.033116679309283754,0.73,200,198.395,163.0
5,1000,0.2,0.2,0.6,ours,1,0.0,0.0,0.0,1.0,200,1000.0,1000.0
5,1000,0.2,0.2,0.6,ours,2,0.04692715544459631,0.0007925250295103092,0.0021917752244530993,0.925,200,667.01,623.0
5,1000,0.2,0.2,0.6,ours,3,0.0696621409108125,0.0022901129448106416,0.004833794424196497,0.935,200,446.06,401.0
5,1000,0.2,0.2,0.6,ours,4,0.08995645008162384,-0.004626109360503076,0.008073102984546577,0.925,200,298.445,261.0
5,1000,0.2,0.2,0.6,ours,5,0.11451584238419352,-0.00235016620132519,0.013053832047350498,0.89,200,199.475,164.0
5,1000,0.2,0.2,0.6,naive,1,0.0,0.0,0.0,1.0,200,1000.0,1000.0
5,1000,0.2,0.2,0.6,naive,2,0.05141464373922514,0.06095675261005949,0.006345973951641279,0.945,200,667.01,623.0
5,1000,0.2,0.2,0.6,naive,3,0.06787905772646724,0.10740763483559991,0.016120928666421484,0.79,200,446.06,401.0
5,1000,0.2,0.2,0.6,naive,4,0.09187449267503707,0.13326865646881267,0.026159252589276368,0.725,200,298.445,261.0
5,1000,0.2,0.2,0.6,naive,5,0.12282176653468513,0.1491407563676845,0.037252725612952224,0.715,200,199.475,164.0
5,1000,0.2,0.2,0.8,ours,1,0.0,0.0,0.0,1.0,200,1000.0,1000.0
5,1000,0.2,0.2,0.8,ours,2,0.03152147122531956,0.0026091646732951048,0.0009954428727599767,0.935,200,666.41,591.0
5,1000,0.2,0.2,0.8,ours,3,0.048780642119671626,-0.0003623036543587761,0.0023677845543174057,0.945,200,443.0,390.0
5,1000,0.2,0.2,0.8,ours,4,0.06927031211282432,0.0002461997301069484,0.004774444873814159,0.925,200,296.205,244.0
5,1000,0.2,0.2,0.8,ours,5,0.08977290497991593,-0.00060285200373487,0.008019242026728757,0.945,200,197.08,161.0
5,1000,0.2,0.2,0.8,naive,1,0.0,0.0,0.0,1.0,200,1000.0,1000.0
5,1000,0.2,0.2,0.8,naive,2,0.04127256204239835,0.06380163520817198,0.005765555910892553,0.965,200,666.41,591.0
5,1000,0.2,0.2,0.8,naive,3,0.061467954861961195,0.10707109511946897,0.01522363733761991,0.855,200,443.0,390.0
5,1000,0.2,0.2,0.8,naive,4,0.08266684473351536,0.1415685382798422,0.026841289212795303,0.725,200,296.205,244.0
5,1000,0.2,0.2,0.8,naive,5,0.10889307877320635,0.1501914701043092,0.03435589178377779,0.74,200,197.08,161.0
5,1000,0.1,0.2,0.3,ours,1,0.0,0.0,0.0,1.0,200,1000.0,1000.0
5,1000,0.1,0.2,0.3,ours,2,0.10918500019812882,0.0021137176523073993,0.011866225249237736,0.955,200,667.705,631.0
5,1000,0.1,0.2,0.3,ours,3,0.14625758034262842,-0.015173593606949778,0.02151456135159087,0.98,200,444.865,402.0
5,1000,0.1,0.2,0.3,ours,4,0.19394985618221774,-0.009437080323873002,0.03751752246457665,0.94,200,296.83,259.0
5,1000,0.1,0.2,0.3,ours,5,0.24365243704443998,-0.013578461456572488,0.05925405214283394,0.935,200,197.165,168.0
5,1000,0.1,0.2,0.3,naive,1,0.0,0.0,0.0,1.0,200,1000.0,1000.0
5,1000,0.1,0.2,0.3,naive,2,0.1040671480311436,0.06861586116225987,0.0154839578458778,0.98,200,667.705,631.0
5,1000,0.1,0.2,0.3,naive,3,0.1380581761305101,0.09035731310758528,0.02712920372852274,0.96,200,444.865,402.0
5,1000,0.1,0.2,0.3,naive,4,0.17306430563670713,0.126675426059661,0.04584816118348465,0.925,200,296.83,259.0
5,1000,0.1,0.2,0.3,naive,5,0.23298934353479564,0.14688541399628902,0.07558793887463236,0.895,200,197.165,168.0
5,1000,0.1,0.2,0.6,ours,1,0.0,0.0,0.0,1.0,200,1000.0,1000.0
5,1000,0.1,0.2,0.6,ours,2,0.08150724559305994,0.010344312515357706,0.00671721873016194,0.955,200,666.08,628.0
5,1000,0.1,0.2,0.6,ours,3,0.12901469472762747,0.010318952052811263,0.01666804826985281,0.95,200,444.255,404.0
5,1000,0.1,0.2,0.6,ours,4,0.16986177150005577,0.024096998672014792,0.02928942165505055,0.94,200,295.665,249.0
5,1000,0.1,0.2,0.6,ours,5,0.19797201673754797,0.0237479850415707,0.039560921607610974,0.965,200,196.84,166.0
5,1000,0.1,0.2,0.6,naive,1,0.0,0.0,0.0,1.0,200,1000.0,1000.0
5,1000,0.1,0.2,0.6,naive,2,0.09736854609365071,0.06915866030108407,0.014216150894190167,0.985,200,666.08,628.0
5,1000,0.1,0.2,0.6,naive,3,0.13731151439524622,0.11824183933746152,0.032741312295494394,0.945,200,444.255,404.0
5,1000,0.1,0.2,0.6,naive,4,0.1757180747554028,0.1524221923704333,0.05395498231377597,0.915,200,295.665,249.0
5,1000,0.1,0.2,0.6,naive,5,0.19814146145146072,0.16762119055735483,0.06716060207625515,0.92,200,196.84,166.0
5,1000,0.1,0.2,0.8,ours,1,0.0,0.0,0.0,1.0,200,1000.0,1000.0
5,1000,0.1,0.2,0.8,ours,2,0.06471796346231211,-0.001483206094343832,0.0041696726210539185,0.95,200,667.38,626.0
5,1000,0.1,0.2,0.8,ours,3,0.09365570901816916,0.004068796849727944,0.008744089980341846,0.965,200,444.715,405.0
5,1000,0.1,0.2,0.8,ours,4,0.12323623080976477,-0.002673442347666104,0.015118380035262923,0.96,200,296.325,258.0
5,1000,0.1,0.2,0.8,ours,5,0.15868919195027115,-0.010426756719856623,0.02516506559931593,0.96,200,197.41,169.0
5,1000,0.1,0.2,0.8,naive,1,0.0,0.0,0.0,1.0,200,1000.0,1000.0
5,1000,0.1,0.2,0.8,naive,2,0.09304873582968855,0.0623668221989846,0.012504397414505406,0.99,200,667.38,626.0
5,1000,0.1,0.2,0.8,naive,3,0.12174126758291617,0.0975829947062245,0.02426927240736676,0.965,200,444.715,405.0
5,1000,0.1,0.2,0.8,naive,4,0.1654977283396337,0.1347974558866466,0.04542290470866373,0.91,200,296.325,258.0
5,1000,0.1,0.2,0.8,naive,5,0.20512574992638677,0.12809233144578136,0.058273835791664175,0.94,200,197.41,169.0
30,1000,0.3,0.2,0.3,ours,1,0.0,0.0,0.0,1.0,200,1000.0,1000.0
30,1000,0.3,0.2,0.3,ours,2,0.06607034110211658,0.0030468104736064462,0.004352746577545363,0.955,200,934.75,915.0
30,1000,0.3,0.2,0.3,ours,3,0.07510906463826524,0.00630437790803596,0.005652909913688261,0.97,200,873.84,849.0
30,1000,0.3,0.2,0.3,ours,4,0.08562363284453346,0.00940809063403089,0.007383261638366129,0.935,200,818.5,790.0
30,1000,0.3,0.2,0.3,ours,5,0.08710699157290186,0.00888804819728717,0.007628687241734486,0.94,200,765.15,735.0
30,1000,0.3,0.2,0.3,ours,6,0.09521727925436158,0.00585353822633102,0.009055262527027177,0.92,200,715.455,680.0
30,1000,0.3,0.2,0.3,ours,7,0.0918577839013959,0.015090510886163562,0.008623386719764592,0.935,200,668.91,631.0
30,1000,0.3,0.2,0.3,ours,8,0.08751406694450933,0.008077826669410456,0.0076856696373032605,0.97,200,625.795,591.0
30,1000,0.3,0.2,0.3,ours,9,0.09582001451808383,0.013176805348872953,0.009309196005536655,0.955,200,585.16,551.0
30,1000,0.3,0.2,0.3,ours,10,0.09655098924118194,0.00919922524649546,0.009360108800969335,0.94,200,546.345,511.0
30,1000,0.3,0.2,0.3,ours,11,0.10447729968071386,-0.0011677376632238357,0.010862292229080934,0.935,200,510.665,474.0
30,1000,0.3,0.2,0.3,ours,12,0.09399908014284583,0.005960190747036356,0.008827171806103706,0.955,200,477.33,436.0
30,1000,0.3,0.2,0.3,ours,13,0.09387573916515894,0.011724929338249781,0.00890606509977288,0.97,200,446.445,408.0
30,1000,0.3,0.2,0.3,ours,14,0.10014081671927269,0.0062950185118980295,0.010017669515402087,0.96,200,417.66,382.0
30,1000,0.3,0.2,0.3,ours,15,0.12061775670603829,0.013425464390066384,0.014656143110722,0.905,200,391.225,350.0
30,1000,0.3,0.2,0.3,ours,16,0.11475941240858246,0.0010740815530884385,0.01310502777386398,0.935,200,365.32,326.0
30,1000,0.3,0.2,0.3,ours,17,0.11769238226594356,-0.0016244226539253181,0.013784878108174407,0.935,200,341.345,301.0
30,1000,0.3,0.2,0.3,ours,18,0.1258797281113608,0.006066917262969266,0.015803284904718884,0.94,200,319.15,283.0
30,1000,0.3,0.2,0.3,ours,19,0.12028184992552615,0.00021115174741379445,0.014395429389459697,0.955,200,297.88,259.0
30,1000,0.3,0.2,0.3,ours,20,0.12374959316440358,0.0007439197871983027,0.01523794541596341,0.94,200,279.28,243.0
30,1000,0.3,0.2,0.3,ours,21,0.12010739225190116,0.004525693493879057,0.014374138646784829,0.955,200,261.4,230.0
30,1000,0.3,0.2,0.3,ours,22,0.13522298497332882,0.02645540415564474,0.018893717795810134,0.92,200,244.685,216.0
30,1000,0.3,0.2,0.3,ours,23,0.14105786864029712,0.014216615216390404,0.019999947842027507,0.94,200,228.73,200.0
30,1000,0.3,0.2,0.3,ours,24,0.1385091677551273,0.01878443978927535,0.019441720782653826,0.94,200,214.195,185.0
30,1000,0.3,0.2,0.3,ours,25,0.1388553914300907,0.011388448726837357,0.019314112394961492,0.97,200,200.15,170.0
30,1000,0.3,0.2,0.3,ours,26,0.15100409447033739,0.01123495987297483,0.022814449687419903,0.93,200,187.675,159.0
30,1000,0.3,0.2,0.3,ours,27,0.148151665678027,-0.001727360645501143,0.021842155237757635,0.94,200,176.005,149.0
30,1000,0.3,0.2,0.3,ours,28,0.14908529402395249,0.011694559327953009,0.022252055487612336,0.965,200,164.88,139.0
30,1000,0.3,0.2,0.3,ours,29,0.1666282134773306,0.00906580873848365,0.027708325607096383,0.945,200,154.05,124.0
30,1000,0.3,0.2,0.3,ours,30,0.179394724863137,0.005667635273044873,0.03205367706176529,0.925,200,144.05,118.0
30,1000,0.3,0.2,0.3,naive,1,0.0,0.0,0.0,1.0,200,1000.0,1000.0
30,1000,0.3,0.2,0.3,naive,2,0.06433562665688296,0.03124403702474706,0.0050945673426509245,0.99,200,934.75,915.0
30,1000,0.3,0.2,0.3,naive,3,0.07537241533431505,0.05875279655396836,0.009104487091273846,0.95,200,873.84,849.0
30,1000,0.3,0.2,0.3,naive,4,0.08649796630543606,0.08267518967203681,0.014279675671408731,0.87,200,818.5,790.0
30,1000,0.3,0.2,0.3,naive,5,0.08413276148574585,0.10067757682282245,0.017178904422356627,0.86,200,765.15,735.0
30,1000,0.3,0.2,0.3,naive,6,0.0938599679351268,0.11390318433266623,0.02173958051400046,0.78,200,715.455,680.0
30,1000,0.3,0.2,0.3,naive,7,0.09137975553386446,0.13725575513233282,0.027147650739768592,0.775,200,668.91,631.0
30,1000,0.3,0.2,0.3,naive,8,0.08908390163272857,0.1443676051052297,0.028738267226278653,0.705,200,625.795,591.0
30,1000,0.3,0.2,0.3,naive,9,0.09463602675386784,0.16255941606606758,0.03533676142370086,0.695,200,585.16,551.0
30,1000,0.3,0.2,0.3,naive,10,0.09897129913393037,0.17041579911438656,0.038787886049791595,0.65,200,546.345,511.0
30,1000,0.3,0.2,0.3,naive,11,0.10540649945129134,0.17099312459408705,0.04029362613439118,0.65,200,510.665,474.0
30,1000,0.3,0.2,0.3,naive,12,0.10018189130719654,0.18745342217295247,0.04512501477350863,0.62,200,477.33,436.0
30,1000,0.3,0.2,0.3,naive,13,0.09723361589563227,0.2025683219266827,0.050441029228030815,0.585,200,446.445,408.0
30,1000,0.3,0.2,0.3,naive,14,0.10545736289516588,0.2059946380896463,0.05349944003354306,0.575,200,417.66,382.0
30,1000,0.3,0.2,0.3,naive,15,0.12133709086754685,0.21934679926398581,0.06276209451945361,0.545,200,391.225,350.0
30,1000,0.3,0.2,0.3,naive,16,0.11614337577899929,0.2143732157297743,0.059377712940979495,0.545,200,365.32,326.0
30,1000,0.3,0.2,0.3,naive,17,0.11711062719496249,0.22025211799984054,0.06215731999040317,0.56,200,341.345,301.0
30,1000,0.3,0.2,0.3,naive,18,0.12825383775613397,0.23384335056748332,0.07104951426930774,0.56,200,319.15,283.0
30,1000,0.3,0.2,0.3,naive,19,0.12606213793143814,0.23335928955059856,0.07026876232630581,0.555,200,297.88,259.0
30,1000,0.3,0.2,0.3,naive,20,0.1296792953140406,0.2389750296592019,0.07384170083559685,0.59,200,279.28,243.0
30,1000,0.3,0.2,0.3,naive,21,0.12555286212202596,0.24889344516315062,0.07763265062627957,0.55,200,261.4,230.0
30,1000,0.3,0.2,0.3,naive,22,0.13331836706522796,0.27528455074930813,0.09346650194320255,0.52,200,244.685,216.0
30,1000,0.3,0.2,0.3,naive,23,0.14057750841532687,0.2686199447888218,0.09181990043124966,0.57,200,228.73,200.0
30,1000,0.3,0.2,0.3,naive,24,0.13740412915994624,0.2748536145310764,0.09433000465744967,0.56,200,214.195,185.0
30,1000,0.3,0.2,0.3,naive,25,0.14485189896049455,0.2702483667151005,0.09391134198147846,0.575,200,200.15,170.0
30,1000,0.3,0.2,0.3,naive,26,0.15237138753496918,0.27303191210892946,0.09764737957049328,0.595,200,187.675,159.0
30,1000,0.3,0.2,0.3,naive,27,0.1462661681732116,0.2623106704834713,0.0900937108418021,0.635,200,176.005,149.0
30,1000,0.3,0.2,0.3,naive,28,0.1506016209748754,0.2767563238743027,0.0991615068034767,0.605,200,164.88,139.0
30,1000,0.3,0.2,0.3,naive,29,0.16523552506824934,0.2740677091834488,0.10227937406792066,0.66,200,154.05,124.0
30,1000,0.3,0.2,0.3,naive,30,0.18295019318214165,0.2738763339026153,0.10831166559139284,0.675,200,144.05,118.0
30,1000,0.3,0.2,0.6,ours,1,0.0,0.0,0.0,1.0,200,1000.0,1000.0
30,1000,0.3,0.2,0.6,ours,2,0.04957568078300014,-0.0036356586187654594,0.002458677398064643,0.945,200,935.37,912.0
30,1000,0.3,0.2,0.6,ours,3,0.06540606154941701,-0.002584300465070496,0.00426324173186286,0.945,200,874.815,844.0
30,1000,0.3,0.2,0.6,ours,4,0.07783154931717828,-0.004339846149331693,0.006046295583366661,0.95,200,818.57,785.0
30,1000,0.3,0.2,0.6,ours,5,0.0859572749137903,-0.008397358623132496,0.007422225476897395,0.93,200,767.23,727.0
30,1000,0.3,0.2,0.6,ours,6,0.0925609099694554,-0.010096780983441276,0.008626629430329342,0.955,200,717.66,673.0
30,1000,0.3,0.2,0.6,ours,7,0.09224676768665435,-0.009002578131865842,0.008547965230912748,0.945,200,671.605,630.0
30,1000,0.3,0.2,0.6,ours,8,0.09272617177820427,-0.0033436970044697523,0.008566332527635542,0.955,200,628.815,580.0
30,1000,0.3,0.2,0.6,ours,9,0.09670673499070429,-0.008029317251071876,0.009369901565117857,0.93,200,587.67,540.0
30,1000,0.3,0.2,0.6,ours,10,0.10279506852250585,-0.008376535941068,0.010584158336355945,0.925,200,549.285,506.0
30,1000,0.3,0.2,0.6,ours,11,0.10681958475907714,-0.01373616629555941,0.01154205383416042,0.925,200,513.745,473.0
30,1000,0.3,0.2,0.6,ours,12,0.09929454486746862,-0.009940704700701783,0.009908927217182107,0.925,200,480.38,433.0
30,1000,0.3,0.2,0.6,ours,13,0.11599252040321431,-0.013004669654498984,0.013556114898365284,0.92,200,449.795,406.0
30,1000,0.3,0.2,0.6,ours,14,0.11710372425324846,-0.005904196736534208,0.01367957536191465,0.935,200,420.705,381.0
30,1000,0.3,0.2,0.6,ours,15,0.11801686355777449,-0.02101142970882346,0.01429982036200312,0.93,200,393.97,354.0
30,1000,0.3,0.2,0.6,ours,16,0.10895815350066612,-0.007952958676135036,0.011875769369907658,0.96,200,368.205,333.0
30,1000,0.3,0.2,0.6,ours,17,0.12103348794759564,-0.018068534733900226,0.014902331626167133,0.935,200,344.54,308.0
30,1000,0.3,0.2,0.6,ours,18,0.12392165560714515,-0.013852492451379214,0.015471685391889325,0.945,200,322.595,284.0
30,1000,0.3,0.2,0.6,ours,19,0.1353628510602242,-0.002580365536769945,0.018238144226220027,0.945,200,302.135,267.0
30,1000,0.3,0.2,0.6,ours,20,0.14001170016834566,-0.010453620573914007,0.01961453798621393,0.905,200,282.81,254.0
30,1000,0.3,0.2,0.6,ours,21,0.13921740113006884,-0.008799650255648078,0.019362011198145165,0.915,200,264.75,234.0
30,1000,0.3,0.2,0.6,ours,22,0.13764417769552306,-0.012333517573323375,0.01900330571094082,0.965,200,247.18,212.0
30,1000,0.3,0.2,0.6,ours,23,0.13579398090571984,-0.00851301743112141,0.018420276689754468,0.945,200,231.12,194.0
30,1000,0.3,0.2,0.6,ours,24,0.1542976449635888,-0.0041754703409101574,0.02370615897767097,0.925,200,216.4,174.0
30,1000,0.3,0.2,0.6,ours,25,0.14575138029026571,-0.017996701011369284,0.02146112877952769,0.93,200,202.5,167.0
30,1000,0.3,0.2,0.6,ours,26,0.15512520723542547,-0.0129946242981895,0.024112371030885624,0.95,200,189.42,156.0
30,1000,0.3,0.2,0.6,ours,27,0.15867043757433716,-0.015324505485759183,0.025285266689614526,0.93,200,177.225,144.0
30,1000,0.3,0.2,0.6,ours,28,0.15934828076437804,-0.01766675519915086,0.025577029448916964,0.97,200,165.925,131.0
30,1000,0.3,0.2,0.6,ours,29,0.16221463561371746,-0.007953947115084159,0.026245285341964228,0.915,200,155.28,118.0
30,1000,0.3,0.2,0.6,ours,30,0.1625048176114801,0.007043485981070252,0.02632538736297125,0.95,200,145.29,112.0
30,1000,0.3,0.2,0.6,naive,1,0.0,0.0,0.0,1.0,200,1000.0,1000.0
30,1000,0.3,0.2,0.6,naive,2,0.051899021131720124,0.02528384685746516,0.0033193137643703287,1.0,200,935.37,912.0
30,1000,0.3,0.2,0.6,naive,3,0.06731462439570812,0.05079760609434043,0.00708899914916336,0.965,200,874.815,844.0
30,1000,0.3,0.2,0.6,naive,4,0.07670588370524782,0.0703687403148586,0.010806133245527993,0.925,200,818.57,785.0
30,1000,0.3,0.2,0.6,naive,5,0.08583063017749246,0.08342099942543596,0.014289125736420738,0.885,200,767.23,727.0
30,1000,0.3,0.2,0.6,naive,6,0.090057084406743,0.09823858305521388,0.01772054626028017,0.85,200,717.66,673.0
30,1000,0.3,0.2,0.6,naive,7,0.08907652649574321,0.1136918409166926,0.020820789125710646,0.795,200,671.605,630.0
30,1000,0.3,0.2,0.6,naive,8,0.09280711157865768,0.1312014923023327,0.02578392574213462,0.77,200,628.815,580.0
30,1000,0.3,0.2,0.6,naive,9,0.09651776835314028,0.14068955811662995,0.029062652972883695,0.75,200,587.67,540.0
30,1000,0.3,0.2,0.6,naive,10,0.09993853780130296,0.15361640331957832,0.0335357721500165,0.715,200,549.285,506.0
30,1000,0.3,0.2,0.6,naive,11,0.10450082630397213,0.1591411187715043,0.03619171626856793,0.705,200,513.745,473.0
30,1000,0.3,0.2,0.6,naive,12,0.09590251763962869,0.1719622098671482,0.03872230804756431,0.65,200,480.38,433.0
30,1000,0.3,0.2,0.6,naive,13,0.10939185244892836,0.17799250265978395,0.043588075498390264,0.64,200,449.795,406.0
30,1000,0.3,0.2,0.6,naive,14,0.11550560087310517,0.19468467614136792,0.051176959238161096,0.605,200,420.705,381.0
30,1000,0.3,0.2,0.6,naive,15,0.11137266204090877,0.18716048891685713,0.04737089911242509,0.69,200,393.97,354.0
30,1000,0.3,0.2,0.6,naive,16,0.10123827110506138,0.2060864651129158,0.05266957270139725,0.625,200,368.205,333.0
30,1000,0.3,0.2,0.6,naive,17,0.11404493784556587,0.20335977529655838,0.0542964148176247,0.62,200,344.54,308.0
30,1000,0.3,0.2,0.6,naive,18,0.11511253026140386,0.21328083979087098,0.05867335677196588,0.635,200,322.595,284.0
30,1000,0.3,0.2,0.6,naive,19,0.1278016564136758,0.2296437949381941,0.06898786961878418,0.59,200,302.135,267.0
30,1000,0.3,0.2,0.6,naive,20,0.13649818761674704,0.22622990257223669,0.06971856526438708,0.635,200,282.81,254.0
30,1000,0.3,0.2,0.6,naive,21,0.12813916152199029,0.23240731767824704,0.07035070780237856,0.575,200,264.75,234.0
30,1000,0.3,0.2,0.6,naive,22,0.1340615852872205,0.2346783814693829,0.07295658883556327,0.63,200,247.18,212.0
30,1000,0.3,0.2,0.6,naive,23,0.13567094260487297,0.24381829859879936,0.07776193437557154,0.615,200,231.12,194.0
30,1000,0.3,0.2,0.6,naive,24,0.1497939360691638,0.25418129913333126,0.08693416499578528,0.59,200,216.4,174.0
30,1000,0.3,0.2,0.6,naive,25,0.14293337310899784,0.24395167025323083,0.07984021682191549,0.675,200,202.5,167.0
30,1000,0.3,0.2,0.6,naive,26,0.15280395189784327,0.25134795130060605,0.08640809510003225,0.625,200,189.42,156.0
30,1000,0.3,0.2,0.6,naive,27,0.1537966642976433,0.2516547223282588,0.08686524614944961,0.645,200,177.225,144.0
30,1000,0.3,0.2,0.6,naive,28,0.16199890979851286,0.2523719617790134,0.08980403563421496,0.68,200,165.925,131.0
30,1000,0.3,0.2,0.6,naive,29,0.16240464198941248,0.2625735456312303,0.09518825826636645,0.695,200,155.28,118.0
30,1000,0.3,0.2,0.6,naive,30,0.16635438583174805,0.279076102039058,0.10541888350634553,0.61,200,145.29,112.0
30,1000,0.3,0.2,0.8,ours,1,0.0,0.0,0.0,1.0,200,1000.0,1000.0
30,1000,0.3,0.2,0.8,ours,2,0.03688474700282987,-0.0013803757868604588,0.001355587575968404,0.94,200,935.49,917.0
30,1000,0.3,0.2,0.8,ours,3,0.049519352677602956,-0.006851315838579655,0.0024868459868807517,0.945,200,874.845,842.0
30,1000,0.3,0.2,0.8,ours,4,0.058701656713154984,-0.004197469217795682,0.0034462738261990897,0.95,200,818.36,785.0
30,1000,0.3,0.2,0.8,ours,5,0.0691845100195466,-0.002110389765462285,0.004767017689473689,0.93,200,765.375,718.0
30,1000,0.3,0.2,0.8,ours,6,0.07767842697257533,-0.0016864247017768985,0.006006612355123813,0.925,200,715.645,667.0
30,1000,0.3,0.2,0.8,ours,7,0.07499407601965082,-0.005782424801275804,0.005629427317433369,0.945,200,670.355,620.0
30,1000,0.3,0.2,0.8,ours,8,0.08151464702497563,-0.0032197515924152187,0.006621781291525195,0.94,200,626.46,578.0
30,1000,0.3,0.2,0.8,ours,9,0.08595985435225725,-0.0014985426348061096,0.007354396707488304,0.94,200,585.01,527.0
30,1000,0.3,0.2,0.8,ours,10,0.0899427742899283,-0.002697468886380817,0.008056530472127135,0.955,200,546.74,493.0
30,1000,0.3,0.2,0.8,ours,11,0.09263850838450753,-0.0027524017160232496,0.008546559484734307,0.96,200,511.34,460.0
30,1000,0.3,0.2,0.8,ours,12,0.09663081939697203,-0.0008823458956922181,0.00929160621532322,0.94,200,478.84,429.0
30,1000,0.3,0.2,0.8,ours,13,0.0973014663919953,0.007603683414161081,0.009478053486685218,0.945,200,447.19,404.0
30,1000,0.3,0.2,0.8,ours,14,0.09818046736296158,0.010105484802162832,0.009693327973838262,0.97,200,418.615,375.0
30,1000,0.3,0.2,0.8,ours,15,0.09942111884006417,0.00426216929637651,0.009853302164164086,0.955,200,391.735,353.0
30,1000,0.3,0.2,0.8,ours,16,0.10370736144554778,0.004047456144097434,0.010717822635145894,0.975,200,366.905,326.0
30,1000,0.3,0.2,0.8,ours,17,0.10830464095805646,0.002332577903062865,0.011676686696462109,0.965,200,343.39,298.0
30,1000,0.3,0.2,0.8,ours,18,0.11033535902850332,-0.0004992461438783813,0.012113271241401163,0.965,200,321.315,278.0
30,1000,0.3,0.2,0.8,ours,19,0.11693514179213663,0.003999041410395797,0.013621450581219424,0.955,200,300.38,255.0
30,1000,0.3,0.2,0.8,ours,20,0.1260998214704251,0.002915213487675717,0.01583015761967744,0.96,200,281.09,240.0
30,1000,0.3,0.2,0.8,ours,21,0.12788604167984688,0.01266195257615728,0.01643339050129769,0.96,200,262.495,220.0
30,1000,0.3,0.2,0.8,ours,22,0.14001190312234432,0.004665003374336588,0.0195270786073436,0.94,200,245.79,209.0
30,1000,0.3,0.2,0.8,ours,23,0.14712826119588363,0.0015664234409974618,0.02154094529870804,0.94,200,230.375,194.0
30,1000,0.3,0.2,0.8,ours,24,0.15525082364546738,-0.0010543610027109991,0.02398341582850707,0.92,200,215.395,182.0
30,1000,0.3,0.2,0.8,ours,25,0.1530654885752716,0.0086758315274194,0.023387168626514843,0.93,200,201.605,167.0
30,1000,0.3,0.2,0.8,ours,26,0.1563103580067479,0.010916290273599343,0.024429928773434192,0.965,200,188.4,160.0
30,1000,0.3,0.2,0.8,ours,27,0.1595750984746386,0.012220600451851683,0.025486234068328447,0.945,200,176.075,146.0
30,1000,0.3,0.2,0.8,ours,28,0.15392877041107766,0.018217547600973244,0.02390747506905865,0.96,200,164.54,134.0
30,1000,0.3,0.2,0.8,ours,29,0.17044343624361766,0.005354815797826085,0.02893438418596815,0.925,200,153.755,127.0
30,1000,0.3,0.2,0.8,ours,30,0.1851828955506877,0.007521038121592831,0.03417780729494069,0.925,200,143.64,118.0
30,1000,0.3,0.2,0.8,naive,1,0.0,0.0,0.0,1.0,200,1000.0,1000.0
30,1000,0.3,0.2,0.8,naive,2,0.03822013807720669,0.02631829187208008,0.0021461275469315372,1.0,200,935.49,917.0
30,1000,0.3,0.2,0.8,naive,3,0.05334405939532739,0.04350589972438868,0.004724124040236918,1.0,200,874.845,842.0
30,1000,0.3,0.2,0.8,naive,4,0.06495159663074121,0.06799890346807462,0.008821467228218631,0.955,200,818.36,785.0
30,1000,0.3,0.2,0.8,naive,5,0.07677101060952501,0.08659634779191833,0.013363246580556645,0.89,200,765.375,718.0
30,1000,0.3,0.2,0.8,naive,6,0.0823840085911819,0.10296250224009686,0.017354466114736126,0.825,200,715.645,667.0
30,1000,0.3,0.2,0.8,naive,7,0.07884275322026063,0.11332638810831032,0.01902796907834954,0.855,200,670.355,620.0
30,1000,0.3,0.2,0.8,naive,8,0.08532463204375895,0.13056269465970996,0.024290508606040494,0.78,200,626.46,578.0
30,1000,0.3,0.2,0.8,naive,9,0.08868417262523096,0.14465962071828511,0.028751963928208762,0.75,200,585.01,527.0
30,1000,0.3,0.2,0.8,naive,10,0.09261139915802448,0.15314990434882245,0.03198888009979037,0.705,200,546.74,493.0
30,1000,0.3,0.2,0.8,naive,11,0.094759077175627,0.1643211687780308,0.035935832802218626,0.66,200,511.34,460.0
30,1000,0.3,0.2,0.8,naive,12,0.10063041713220391,0.17602260131541367,0.04105980462178542,0.685,200,478.84,429.0
30,1000,0.3,0.2,0.8,naive,13,0.10317619671161116,0.193589841842209,0.04806912779452522,0.615,200,447.19,404.0
30,1000,0.3,0.2,0.8,naive,14,0.10339454254113924,0.20457934007609047,0.052489685656123664,0.595,200,418.615,375.0
30,1000,0.3,0.2,0.8,naive,15,0.10574994076106747,0.20533879117689466,0.05329115388310278,0.61,200,391.735,353.0
30,1000,0.3,0.2,0.8,naive,16,0.1085970786715196,0.21366367742445994,0.05738652591905195,0.615,200,366.905,326.0
30,1000,0.3,0.2,0.8,naive,17,0.1084459057855524,0.21892115840984253,0.05962818550874804,0.605,200,343.39,298.0
30,1000,0.3,0.2,0.8,naive,18,0.11078417763397086,0.22472357955648004,0.06271245555264265,0.61,200,321.315,278.0
30,1000,0.3,0.2,0.8,naive,19,0.11399650198214038,0.23599185430022246,0.06862238174790074,0.565,200,300.38,255.0
30,1000,0.3,0.2,0.8,naive,20,0.11716726794853462,0.23859224885286545,0.07058578904779876,0.57,200,281.09,240.0
30,1000,0.3,0.2,0.8,naive,21,0.11671561773010354,0.2540124533589288,0.07807674920643104,0.55,200,262.495,220.0
30,1000,0.3,0.2,0.8,naive,22,0.12842667736666127,0.2523032976458589,0.08006789840511817,0.58,200,245.79,209.0
30,1000,0.3,0.2,0.8,naive,23,0.13666543742137602,0.25465289019964044,0.0834321490636783,0.56,200,230.375,194.0
30,1000,0.3,0.2,0.8,naive,24,0.14498815882577468,0.2560059252224937,0.08645549211771467,0.595,200,215.395,182.0
30,1000,0.3,0.2,0.8,naive,25,0.14200395689185263,0.2675514558792845,0.09164807969720315,0.605,200,201.605,167.0
30,1000,0.3,0.2,0.8,naive,26,0.14566825825437685,0.27431092700144477,0.09635962992794149,0.6,200,188.4,160.0
30,1000,0.3,0.2,0.8,naive,27,0.15012983084623638,0.2783395260534731,0.099899163043042,0.58,200,176.075,146.0
30,1000,0.3,0.2,0.8,naive,28,0.1493397042929025,0.28471835301702536,0.10325537608662756,0.62,200,164.54,134.0
30,1000,0.3,0.2,0.8,naive,29,0.16509716733619023,0.2742901340024579,0.10235586690020809,0.625,200,153.755,127.0
30,1000,0.3,0.2,0.8,naive,30,0.1793086668337438,0.27657184611252633,0.10848282607377699,0.64,200,143.64,118.0
30,1000,0.2,0.2,0.3,ours,1,0.0,0.0,0.0,1.0,200,1000.0,1000.0
30,1000,0.2,0.2,0.3,ours,2,0.11253583325771427,0.0017721497254658697,0.012604132712822498,0.89,200,935.325,915.0
30,1000,0.2,0.2,0.3,ours,3,0.1352757153757082,0.004811104353899408,0.018231168299661683,0.915,200,874.415,843.0
30,1000,0.2,0.2,0.3,ours,4,0.14426664465686334,0.006172833904099345,0.020746904315154528,0.895,200,817.975,790.0
30,1000,0.2,0.2,0.3,ours,5,0.1410920445501473,0.00829857392376549,0.019876296539332247,0.93,200,763.975,734.0
30,1000,0.2,0.2,0.3,ours,6,0.1344035860881321,0.009699927840357824,0.01806809093369134,0.955,200,714.69,681.0
30,1000,0.2,0.2,0.3,ours,7,0.140883643250445,0.0017253713206643606,0.019751936837035234,0.935,200,668.325,636.0
30,1000,0.2,0.2,0.3,ours,8,0.14166689759404763,0.012014807776880394,0.02011351793046816,0.92,200,625.505,586.0
30,1000,0.2,0.2,0.3,ours,9,0.14494306592536382,0.011290205044832918,0.021030918627999516,0.93,200,585.06,545.0
30,1000,0.2,0.2,0.3,ours,10,0.15051616901862971,0.0012098133254520437,0.02254330519864692,0.925,200,547.605,500.0
30,1000,0.2,0.2,0.3,ours,11,0.1719988424701685,0.013657439963694805,0.029622209468384376,0.915,200,512.145,469.0
30,1000,0.2,0.2,0.3,ours,12,0.1599769762832909,0.013325525539509718,0.02564223940694502,0.95,200,479.195,432.0
30,1000,0.2,0.2,0.3,ours,13,0.15960661173704407,0.02350793103887952,0.025899521979357357,0.925,200,448.04,402.0
30,1000,0.2,0.2,0.3,ours,14,0.1612009088464994,0.012751702975670813,0.02601841027665245,0.935,200,419.615,373.0
30,1000,0.2,0.2,0.3,ours,15,0.1636181055389666,0.010611835630405663,0.026749641093306364,0.94,200,393.095,345.0
30,1000,0.2,0.2,0.3,ours,16,0.16993447616219384,-0.020474424852415435,0.029152539630613834,0.945,200,367.58,332.0
30,1000,0.2,0.2,0.3,ours,17,0.1626909790179185,-0.0027723816482402895,0.026343698980543263,0.97,200,344.245,310.0
30,1000,0.2,0.2,0.3,ours,18,0.1784551449360386,0.008797174561216745,0.03176439784063235,0.935,200,321.9,283.0
30,1000,0.2,0.2,0.3,ours,19,0.17546760280767795,0.013496051345208175,0.030817078638810162,0.955,200,301.29,265.0
30,1000,0.2,0.2,0.3,ours,20,0.19962887288916142,0.005172587975524299,0.03967918412290652,0.935,200,281.54,244.0
30,1000,0.2,0.2,0.3,ours,21,0.18788896898953608,0.02536289718949628,0.03576902989845605,0.945,200,263.05,214.0
30,1000,0.2,0.2,0.3,ours,22,0.20035858457238798,-0.003601342113771634,0.039955814264811915,0.93,200,246.63,203.0
30,1000,0.2,0.2,0.3,ours,23,0.21437002021417967,-0.014029795159201143,0.0459215681910038,0.95,200,230.755,192.0
30,1000,0.2,0.2,0.3,ours,24,0.20012836111029259,-0.010864531773642726,0.03996914216674871,0.94,200,216.13,179.0
30,1000,0.2,0.2,0.3,ours,25,0.20376328496211776,-0.003672112113080408,0.041325363324431465,0.96,200,202.425,169.0
30,1000,0.2,0.2,0.3,ours,26,0.21709110132630302,0.011957166983383671,0.04703587738596036,0.96,200,189.73,159.0
30,1000,0.2,0.2,0.3,ours,27,0.21928139590259307,0.0028499600305579966,0.04785203120822058,0.95,200,177.725,148.0
30,1000,0.2,0.2,0.3,ours,28,0.22424647568100964,0.020093766944483945,0.05043880891609612,0.975,200,166.505,134.0
30,1000,0.2,0.2,0.3,ours,29,0.22167633777898027,-0.006191827798667358,0.04893303546893339,0.94,200,155.87,124.0
30,1000,0.2,0.2,0.3,ours,30,0.24206793542368046,0.01047869044163182,0.058413703886853255,0.93,200,145.615,113.0
30,1000,0.2,0.2,0.3,naive,1,0.0,0.0,0.0,1.0,200,1000.0,1000.0
30,1000,0.2,0.2,0.3,naive,2,0.10849738729788588,0.03078501919793305,0.01266054204223222,0.975,200,935.325,915.0
30,1000,0.2,0.2,0.3,naive,3,0.1300284764069787,0.058841647938535455,0.020285207185459165,0.93,200,874.415,843.0
30,1000,0.2,0.2,0.3,naive,4,0.14065326744000414,0.07962924180420558,0.026025241083654227,0.905,200,817.975,790.0
30,1000,0.2,0.2,0.3,naive,5,0.13711861084132415,0.09957145089612358,0.028621979705418372,0.91,200,763.975,734.0
30,1000,0.2,0.2,0.3,naive,6,0.13962041124850322,0.11795720754449344,0.03331029275270985,0.875,200,714.69,681.0
30,1000,0.2,0.2,0.3,naive,7,0.1428112725921864,0.12286025783903053,0.035387727237775835,0.895,200,668.325,636.0
30,1000,0.2,0.2,0.3,naive,8,0.1434035702548051,0.1461269332105622,0.04181484165153981,0.855,200,625.505,586.0
30,1000,0.2,0.2,0.3,naive,9,0.14686501273286537,0.15656428176942028,0.04597385963117401,0.855,200,585.06,545.0
30,1000,0.2,0.2,0.3,naive,10,0.15486789155324876,0.1564131604503611,0.04832922027704848,0.865,200,547.605,500.0
30,1000,0.2,0.2,0.3,naive,11,0.16959651574840795,0.17927832995004928,0.060759882852908724,0.795,200,512.145,469.0
30,1000,0.2,0.2,0.3,naive,12,0.15484843349929314,0.18964146914717186,0.05982203399069684,0.83,200,479.195,432.0
30,1000,0.2,0.2,0.3,naive,13,0.15490857981494832,0.20827320927403725,0.06725441446108973,0.78,200,448.04,402.0
30,1000,0.2,0.2,0.3,naive,14,0.16174632369822806,0.20765113299199495,0.06915005689660168,0.785,200,419.615,373.0
30,1000,0.2,0.2,0.3,naive,15,0.16957650064087273,0.2128904500619009,0.07393475234931461,0.785,200,393.095,345.0
30,1000,0.2,0.2,0.3,naive,16,0.16806139965795114,0.1913674016468756,0.06472489329779124,0.825,200,367.58,332.0
30,1000,0.2,0.2,0.3,naive,17,0.16528875921174646,0.21564535749304387,0.0736866922604526,0.815,200,344.245,310.0
30,1000,0.2,0.2,0.3,naive,18,0.17910776049943447,0.23077845972202227,0.08517788939343623,0.785,200,321.9,283.0
30,1000,0.2,0.2,0.3,naive,19,0.17275735616329962,0.24445926505469603,0.08945621085907264,0.81,200,301.29,265.0
30,1000,0.2,0.2,0.3,naive,20,0.20116810645790723,0.241085664710522,0.09838856174949483,0.76,200,281.54,244.0
30,1000,0.2,0.2,0.3,naive,21,0.19083084999480907,0.267304204551442,0.10768586901407173,0.78,200,263.05,214.0
30,1000,0.2,0.2,0.3,naive,22,0.20092539931597866,0.2405140937887939,0.09801619032087881,0.805,200,246.63,203.0
30,1000,0.2,0.2,0.3,naive,23,0.21426541297016607,0.23649039715942372,0.10160782680792142,0.805,200,230.755,192.0
30,1000,0.2,0.2,0.3,naive,24,0.20323854937103814,0.24405579484651382,0.10066260940885532,0.815,200,216.13,179.0
30,1000,0.2,0.2,0.3,naive,25,0.20531004407803338,0.2546135533939248,0.10676951470020836,0.84,200,202.425,169.0
30,1000,0.2,0.2,0.3,naive,26,0.2113528355298813,0.27116849470554577,0.11797902350196005,0.83,200,189.73,159.0
30,1000,0.2,0.2,0.3,naive,27,0.2220018006987643,0.2643037106056447,0.1188948269558388,0.84,200,177.725,148.0
30,1000,0.2,0.2,0.3,naive,28,0.2338667612900171,0.2804385114075638,0.13306595240659072,0.815,200,166.505,134.0
30,1000,0.2,0.2,0.3,naive,29,0.23517728196558427,0.2581670524311137,0.12168203914392574,0.835,200,155.87,124.0
30,1000,0.2,0.2,0.3,naive,30,0.2539186244680218,0.2749537105567061,0.1397518374613745,0.835,200,145.615,113.0
30,1000,0.2,0.2,0.6,ours,1,0.0,0.0,0.0,1.0,200,1000.0,1000.0
30,1000,0.2,0.2,0.6,ours,2,0.07769923137888936,-0.0034735193679714827,0.0060190500408855065,0.955,200,935.915,916.0
30,1000,0.2,0.2,0.6,ours,3,0.0915868830773321,-0.0022343007161859047,0.00835120846575215,0.97,200,875.32,845.0
30,1000,0.2,0.2,0.6,ours,4,0.1074820806863966,-0.000825685814179411,0.011495317437397418,0.965,200,818.835,782.0
30,1000,0.2,0.2,0.6,ours,5,0.12423998290568224,0.001949994050614623,0.015362197962439624,0.935,200,767.265,733.0
30,1000,0.2,0.2,0.6,ours,6,0.13180027873520545,0.009150731973582552,0.017368192802956813,0.925,200,717.55,675.0
30,1000,0.2,0.2,0.6,ours,7,0.1382558993614557,0.013969435637682336,0.01921426537173909,0.91,200,671.185,630.0
30,1000,0.2,0.2,0.6,ours,8,0.14542800421235197,0.012744648846278305,0.021205983961356863,0.895,200,627.175,588.0
30,1000,0.2,0.2,0.6,ours,9,0.13625454342422066,0.015996429095668334,0.018728359844536868,0.945,200,586.59,542.0
30,1000,0.2,0.2,0.6,ours,10,0.14462433290019464,0.011948556056230068,0.02095438467032106,0.945,200,549.03,501.0
30,1000,0.2,0.2,0.6,ours,11,0.15350833167695033,0.005960852923390221,0.023482515622343672,0.935,200,513.67,466.0
30,1000,0.2,0.2,0.6,ours,12,0.1565431264276932,0.013243888999305214,0.02455862227542387,0.95,200,480.725,431.0
30,1000,0.2,0.2,0.6,ours,13,0.1601328592694036,0.009863523369291794,0.025611609047962215,0.95,200,449.36,393.0
30,1000,0.2,0.2,0.6,ours,14,0.16567084438882948,-0.0016272931632951603,0.02731224262014452,0.925,200,420.395,367.0
30,1000,0.2,0.2,0.6,ours,15,0.18106669177071333,-0.012044900842972548,0.0327663007707636,0.925,200,393.68,349.0
30,1000,0.2,0.2,0.6,ours,16,0.18007932432718524,-0.012874449527307048,0.03243217168551607,0.955,200,368.245,324.0
30,1000,0.2,0.2,0.6,ours,17,0.18069395435465666,-0.0007549112486696275,0.032487623505614495,0.955,200,344.625,301.0
30,1000,0.2,0.2,0.6,ours,18,0.19451382287521016,0.004421941074426439,0.03766600271594669,0.915,200,322.005,281.0
30,1000,0.2,0.2,0.6,ours,19,0.20575202894066613,0.010940498611744,0.042241922436008286,0.92,200,301.36,263.0
30,1000,0.2,0.2,0.6,ours,20,0.19621861928181963,0.015364946030722542,0.03854531938662638,0.93,200,281.775,248.0
30,1000,0.2,0.2,0.6,ours,21,0.18347704599885534,0.012419651459896132,0.03364975501880905,0.965,200,263.575,232.0
30,1000,0.2,0.2,0.6,ours,22,0.20369902099879372,0.0058999786230419645,0.041320634447840024,0.95,200,246.225,215.0
30,1000,0.2,0.2,0.6,ours,23,0.20498736286149927,0.022755925139481187,0.04232755196720108,0.94,200,230.4,202.0
30,1000,0.2,0.2,0.6,ours,24,0.21375276362413434,0.015557976771822572,0.045703843378402845,0.94,200,215.42,185.0
30,1000,0.2,0.2,0.6,ours,25,0.22081590523926403,0.012486102032400916,0.048671768430565976,0.95,200,201.37,173.0
30,1000,0.2,0.2,0.6,ours,26,0.24452365749865143,-0.005240689698254728,0.0595203248096486,0.925,200,188.29,159.0
30,1000,0.2,0.2,0.6,ours,27,0.2459559706490565,-0.016200986740099284,0.06045433977178282,0.925,200,176.465,148.0
30,1000,0.2,0.2,0.6,ours,28,0.2606206794904332,-0.026252905446454932,0.06827273792954534,0.915,200,165.165,135.0
30,1000,0.2,0.2,0.6,ours,29,0.23851484819849736,-0.014851437186111514,0.056825451333589495,0.96,200,154.43,127.0
30,1000,0.2,0.2,0.6,ours,30,0.24720458886653346,-0.015877285410662835,0.06105664640490012,0.945,200,144.655,116.0
30,1000,0.2,0.2,0.6,naive,1,0.0,0.0,0.0,1.0,200,1000.0,1000.0
30,1000,0.2,0.2,0.6,naive,2,0.07716121140126082,0.025062474320633375,0.00655221090125792,0.995,200,935.915,916.0
30,1000,0.2,0.2,0.6,naive,3,0.09410305568265276,0.051408427953461594,0.011453934628014632,0.99,200,875.32,845.0
30,1000,0.2,0.2,0.6,naive,4,0.1054160761810711,0.071456104140784,0.01616296119080489,0.965,200,818.835,782.0
30,1000,0.2,0.2,0.6,naive,5,0.12251073475156245,0.09367546869155953,0.023708929163304207,0.92,200,767.265,733.0
30,1000,0.2,0.2,0.6,naive,6,0.13357722969961638,0.11958072176423823,0.03205321093040911,0.905,200,717.55,675.0
30,1000,0.2,0.2,0.6,naive,7,0.1322680578897062,0.14065049581582342,0.03718992691546206,0.865,200,671.185,630.0
30,1000,0.2,0.2,0.6,naive,8,0.13778599995967028,0.15324796225322226,0.04237499481072686,0.855,200,627.175,588.0
30,1000,0.2,0.2,0.6,naive,9,0.1358803170774991,0.16877278727496062,0.0468553969907954,0.855,200,586.59,542.0
30,1000,0.2,0.2,0.6,naive,10,0.14862850929625898,0.17638607208970888,0.05309202803398598,0.81,200,549.03,501.0
30,1000,0.2,0.2,0.6,naive,11,0.15409762662583631,0.18304966828279057,0.05713452919749674,0.805,200,513.67,466.0
30,1000,0.2,0.2,0.6,naive,12,0.1545059630884127,0.20121481979481196,0.06424013587178722,0.785,200,480.725,431.0
30,1000,0.2,0.2,0.6,naive,13,0.1626042531121229,0.20773955207836145,0.06946366391221882,0.765,200,449.36,393.0
30,1000,0.2,0.2,0.6,naive,14,0.16470342776086125,0.20498402160028512,0.0690100321320225,0.795,200,420.395,367.0
30,1000,0.2,0.2,0.6,naive,15,0.182504197412116,0.2057022771313112,0.07545466997968217,0.78,200,393.68,349.0
30,1000,0.2,0.2,0.6,naive,16,0.1726741265255825,0.21265834193571118,0.07489084259636186,0.785,200,368.245,324.0
30,1000,0.2,0.2,0.6,naive,17,0.17538933682082833,0.231514312625468,0.08420648932354066,0.75,200,344.625,301.0
30,1000,0.2,0.2,0.6,naive,18,0.1942799969030127,0.24584843290428307,0.09799744557214324,0.76,200,322.005,281.0
30,1000,0.2,0.2,0.6,naive,19,0.19416134550221256,0.2553870640094413,0.10273268741015584,0.745,200,301.36,263.0
30,1000,0.2,0.2,0.6,naive,20,0.19044200252564164,0.2634885135651721,0.10551301232513051,0.77,200,281.775,248.0
30,1000,0.2,0.2,0.6,naive,21,0.1812157499922179,0.26375998343755147,0.10224428116799324,0.795,200,263.575,232.0
30,1000,0.2,0.2,0.6,naive,22,0.2099875736169598,0.26158989374598896,0.1123035796782082,0.735,200,246.225,215.0
30,1000,0.2,0.2,0.6,naive,23,0.2199787634712765,0.27955125767006156,0.1262976087613732,0.73,200,230.4,202.0
30,1000,0.2,0.2,0.6,naive,24,0.22517657051206738,0.2752306342476593,0.12620286749640697,0.755,200,215.42,185.0
30,1000,0.2,0.2,0.6,naive,25,0.2286990565008458,0.277948854749947,0.1292973080089623,0.775,200,201.37,173.0
30,1000,0.2,0.2,0.6,naive,26,0.25333044296860124,0.2621965746709063,0.13260247553715054,0.77,200,188.29,159.0
30,1000,0.2,0.2,0.6,naive,27,0.24749313612687848,0.25617181538950595,0.12657058716772315,0.835,200,176.465,148.0
30,1000,0.2,0.2,0.6,naive,28,0.251347823718728,0.24871035883616652,0.12471669243811476,0.865,200,165.165,135.0
30,1000,0.2,0.2,0.6,naive,29,0.23850457267169334,0.261728898158345,0.12510202516056185,0.83,200,154.43,127.0
30,1000,0.2,0.2,0.6,naive,30,0.22695360044509713,0.25997444117186086,0.11883710713383916,0.87,200,144.655,116.0
30,1000,0.2,0.2,0.8,ours,1,0.0,0.0,0.0,1.0,200,1000.0,1000.0
30,1000,0.2,0.2,0.8,ours,2,0.05423114676628824,0.0031588999136478203,0.0029362908418532063,0.93,200,935.495,910.0
30,1000,0.2,0.2,0.8,ours,3,0.07629008177927955,0.0031081072163400437,0.005800736025467981,0.935,200,875.09,844.0
30,1000,0.2,0.2,0.8,ours,4,0.08947331624695662,0.007790881156419043,0.008026144777820219,0.93,200,818.63,785.0
30,1000,0.2,0.2,0.8,ours,5,0.1023724837360993,0.0009101898190616539,0.010428553244673152,0.935,200,765.68,732.0
30,1000,0.2,0.2,0.8,ours,6,0.10320870991990232,-8.482798646487488e-05,0.010598784810101179,0.955,200,716.48,679.0
30,1000,0.2,0.2,0.8,ours,7,0.11346458418501618,0.00036510561780411983,0.012809974107069381,0.96,200,671.32,633.0
30,1000,0.2,0.2,0.8,ours,8,0.12230134259994387,-0.007801026001288574,0.014943686316412883,0.945,200,627.7,584.0
30,1000,0.2,0.2,0.8,ours,9,0.1234642915190319,-0.011629097352764916,0.015302450029135096,0.95,200,587.375,544.0
30,1000,0.2,0.2,0.8,ours,10,0.1267755985938557,-0.006224842164466214,0.01603044079680879,0.94,200,549.27,508.0
30,1000,0.2,0.2,0.8,ours,11,0.13443239755045946,-0.0044094516404407915,0.018001152427378337,0.945,200,513.78,470.0
30,1000,0.2,0.2,0.8,ours,12,0.1432076116633759,-0.008820126975316542,0.020483672577997342,0.94,200,480.855,446.0
30,1000,0.2,0.2,0.8,ours,13,0.15172732888665905,-0.013384436293800737,0.023085219554327806,0.96,200,449.91,414.0
30,1000,0.2,0.2,0.8,ours,14,0.1529933102938669,-0.008121996518222848,0.023355885057144084,0.94,200,420.77,376.0
30,1000,0.2,0.2,0.8,ours,15,0.1580472329299723,-0.006397749360623421,0.02489496439451818,0.95,200,393.575,353.0
30,1000,0.2,0.2,0.8,ours,16,0.16450500939475748,-0.012765812139296229,0.027089554584965203,0.945,200,368.235,327.0
30,1000,0.2,0.2,0.8,ours,17,0.1742144442622278,-0.009952144801134868,0.03029796441279164,0.94,200,344.33,307.0
30,1000,0.2,0.2,0.8,ours,18,0.18647224874095744,-0.008460531106284544,0.03466962063935737,0.94,200,322.135,281.0
30,1000,0.2,0.2,0.8,ours,19,0.1887076507147417,-0.02674638683225579,0.036147893759666226,0.945,200,301.34,263.0
30,1000,0.2,0.2,0.8,ours,20,0.1769558611463706,-0.02325071966111193,0.03169740587484294,0.96,200,281.925,248.0
30,1000,0.2,0.2,0.8,ours,21,0.19032028102820853,-0.023610269317955637,0.036598145141069384,0.945,200,263.83,231.0
30,1000,0.2,0.2,0.8,ours,22,0.19704164148590453,-0.01935645473284665,0.03900595377688717,0.93,200,246.66,215.0
30,1000,0.2,0.2,0.8,ours,23,0.2151390326636163,-0.019779469045162347,0.046444606754267925,0.93,200,230.98,201.0
30,1000,0.2,0.2,0.8,ours,24,0.21314837098508363,-0.027792566911888826,0.045977493688878684,0.935,200,216.24,189.0
30,1000,0.2,0.2,0.8,ours,25,0.21629460396815178,-0.025733618658781796,0.04721165805648652,0.965,200,202.325,179.0
30,1000,0.2,0.2,0.8,ours,26,0.23933345897868827,-0.03008013184693042,0.05789891639569866,0.91,200,188.935,157.0
30,1000,0.2,0.2,0.8,ours,27,0.2517855349771888,-0.019730757623015904,0.06346827864200862,0.92,200,177.13,146.0
30,1000,0.2,0.2,0.8,ours,28,0.26840969639381557,-0.02368593681337967,0.07224456989535656,0.915,200,165.68,138.0
30,1000,0.2,0.2,0.8,ours,29,0.26345466014927627,-0.010226803703472008,0.06916590367858814,0.92,200,154.725,129.0
30,1000,0.2,0.2,0.8,ours,30,0.2664598138148264,-0.020003808752564075,0.07104598058094996,0.94,200,144.545,121.0
30,1000,0.2,0.2,0.8,naive,1,0.0,0.0,0.0,1.0,200,1000.0,1000.0
30,1000,0.2,0.2,0.8,naive,2,0.05793889142222323,0.033608613827287304,0.004469669486931718,1.0,200,935.495,910.0
30,1000,0.2,0.2,0.8,naive,3,0.08152957449328209,0.057313759442296955,0.009898703180879839,0.995,200,875.09,844.0
30,1000,0.2,0.2,0.8,naive,4,0.09306383057648428,0.08437841693722778,0.015737289423593374,0.99,200,818.63,785.0
30,1000,0.2,0.2,0.8,naive,5,0.10825290186948398,0.09689347466978768,0.02104844274293309,0.945,200,765.68,732.0
30,1000,0.2,0.2,0.8,naive,6,0.11085726921771523,0.10963281008271789,0.024247240514350232,0.96,200,716.48,679.0
30,1000,0.2,0.2,0.8,naive,7,0.12063867923304993,0.1264636711023449,0.030473982581141302,0.915,200,671.32,633.0
30,1000,0.2,0.2,0.8,naive,8,0.12531251058694814,0.1316433273089788,0.03295467480803489,0.93,200,627.7,584.0
30,1000,0.2,0.2,0.8,naive,9,0.12521155913227316,0.14018282519643022,0.03525076934768597,0.92,200,587.375,544.0
30,1000,0.2,0.2,0.8,naive,10,0.129864630843425,0.1587501509355319,0.04198210865443272,0.89,200,549.27,508.0
30,1000,0.2,0.2,0.8,naive,11,0.13844521564578569,0.16998612928814194,0.04796652649689696,0.835,200,513.78,470.0
30,1000,0.2,0.2,0.8,naive,12,0.14290927560894537,0.17359691033350688,0.05045683302713777,0.84,200,480.855,446.0
30,1000,0.2,0.2,0.8,naive,13,0.15113096206672696,0.1789074694732077,0.05473424749004514,0.84,200,449.91,414.0
30,1000,0.2,0.2,0.8,naive,14,0.15525925641452412,0.19423483889560506,0.061712082159680645,0.81,200,420.77,376.0
30,1000,0.2,0.2,0.8,naive,15,0.15878608567800984,0.20469571787567617,0.06698729281655796,0.785,200,393.575,353.0
30,1000,0.2,0.2,0.8,naive,16,0.17027246357529263,0.20480323406222695,0.07079211297508667,0.79,200,368.235,327.0
30,1000,0.2,0.2,0.8,naive,17,0.18030698761369063,0.21680275926113013,0.0793514931566515,0.77,200,344.33,307.0
30,1000,0.2,0.2,0.8,naive,18,0.18812185880256072,0.22519510221503863,0.08592571865217564,0.755,200,322.135,281.0
30,1000,0.2,0.2,0.8,naive,19,0.1868125733439489,0.21428508299137378,0.08064253966421128,0.845,200,301.34,263.0
30,1000,0.2,0.2,0.8,naive,20,0.18141989197495745,0.22485104883949134,0.08330660548240353,0.82,200,281.925,248.0
30,1000,0.2,0.2,0.8,naive,21,0.18452797381935362,0.22709222732100173,0.0854511999658802,0.82,200,263.83,231.0
30,1000,0.2,0.2,0.8,naive,22,0.19321229839722004,0.23440210428177052,0.09208868378239873,0.81,200,246.66,215.0
30,1000,0.2,0.2,0.8,naive,23,0.2069016215792557,0.23930648771693494,0.09986183467048043,0.815,200,230.98,201.0
30,1000,0.2,0.2,0.8,naive,24,0.20757168792129513,0.2360929892919473,0.09861047519117058,0.81,200,216.24,189.0
30,1000,0.2,0.2,0.8,naive,25,0.20615826164966447,0.23934168475274448,0.09957316476246157,0.84,200,202.325,179.0
30,1000,0.2,0.2,0.8,naive,26,0.22660682426874987,0.2325458084776018,0.1051714525816437,0.795,200,188.935,157.0
30,1000,0.2,0.2,0.8,naive,27,0.24192834965612886,0.24780773068491604,0.11964535112270934,0.83,200,177.13,146.0
30,1000,0.2,0.2,0.8,naive,28,0.2647411481089519,0.24848055396992513,0.13148002182573668,0.835,200,165.68,138.0
30,1000,0.2,0.2,0.8,naive,29,0.255606448424126,0.26214484352666645,0.13372790218123584,0.815,200,154.725,129.0
30,1000,0.2,0.2,0.8,naive,30,0.26638059802202857,0.25013126670314345,0.1331694804700798,0.835,200,144.545,121.0
30,1000,0.1,0.2,0.3,ours,1,0.0,0.0,0.0,1.0,200,1000.0,1000.0
30,1000,0.1,0.2,0.3,ours,2,0.1959532560326521,-0.009023824904908684,0.038287119572963574,0.96,200,935.52,905.0
30,1000,0.1,0.2,0.3,ours,3,0.23306523534917795,-0.020841054654009424,0.05448215646781727,0.95,200,874.49,842.0
30,1000,0.1,0.2,0.3,ours,4,0.25262422740800844,0.01339650826976666,0.0636793717059476,0.935,200,818.295,785.0
30,1000,0.1,0.2,0.3,ours,5,0.25887079010944025,-0.0011119178073130504,0.06668025190323668,0.955,200,764.975,724.0
30,1000,0.1,0.2,0.3,ours,6,0.26940943684768126,-0.013241613125120429,0.07239387775742717,0.935,200,715.915,677.0
30,1000,0.1,0.2,0.3,ours,7,0.2980323068638032,-0.013257960830418152,0.08855491318026829,0.905,200,669.52,630.0
30,1000,0.1,0.2,0.3,ours,8,0.30423862419177455,0.00573294454048159,0.09213120140095755,0.93,200,626.665,586.0
30,1000,0.1,0.2,0.3,ours,9,0.27228288687576063,-0.011783278168247202,0.07390612627736155,0.95,200,587.205,546.0
30,1000,0.1,0.2,0.3,ours,10,0.2929761126048957,-0.01816393852993614,0.08573575620721043,0.94,200,549.245,502.0
30,1000,0.1,0.2,0.3,ours,11,0.3099707921984658,-0.02595993582336929,0.09627540082401723,0.93,200,513.13,470.0
30,1000,0.1,0.2,0.3,ours,12,0.31357422181177275,-0.006823727186425417,0.09788371187464934,0.94,200,480.13,439.0
30,1000,0.1,0.2,0.3,ours,13,0.3473345730644638,-0.02637853118941684,0.12073392602535503,0.94,200,449.28,403.0
30,1000,0.1,0.2,0.3,ours,14,0.33682386553158344,-0.00833624653678725,0.11295255781600211,0.93,200,420.125,370.0
30,1000,0.1,0.2,0.3,ours,15,0.33296623373513534,-0.021283082667432195,0.11076514985155071,0.94,200,393.125,354.0
30,1000,0.1,0.2,0.3,ours,16,0.3522218139736583,-0.027188231394678793,0.12417910513407049,0.94,200,367.785,329.0
30,1000,0.1,0.2,0.3,ours,17,0.345400917792004,0.006983924134119253,0.11875406023781206,0.955,200,344.075,303.0
30,1000,0.1,0.2,0.3,ours,18,0.3963238346374129,0.015157738876874756,0.15651697604005438,0.905,200,322.1,287.0
30,1000,0.1,0.2,0.3,ours,19,0.36962149379786624,-0.013955449905326997,0.13613170301603933,0.945,200,301.46,265.0
30,1000,0.1,0.2,0.3,ours,20,0.37445422257687455,-0.05116980268731409,0.14213323368868186,0.955,200,282.02,252.0
30,1000,0.1,0.2,0.3,ours,21,0.38781964442498756,0.002761616092646708,0.14965968274235736,0.965,200,263.895,234.0
30,1000,0.1,0.2,0.3,ours,22,0.37982383150734694,-0.024372721716372777,0.14413884182988063,0.955,200,246.23,216.0
30,1000,0.1,0.2,0.3,ours,23,0.4164575169844348,-0.035829461496378265,0.1738534294466971,0.915,200,230.765,196.0
30,1000,0.1,0.2,0.3,ours,24,0.4226613485623999,0.0004884867526958947,0.17774964111005115,0.94,200,215.44,183.0
30,1000,0.1,0.2,0.3,ours,25,0.413710289617612,0.008747097238757821,0.17037693442691523,0.97,200,201.585,170.0
30,1000,0.1,0.2,0.3,ours,26,0.4535005439906218,-0.048221061741433424,0.20695970047826207,0.95,200,188.645,162.0
30,1000,0.1,0.2,0.3,ours,27,0.4530554157992654,-0.04415164416440952,0.20618228141854067,0.945,200,176.425,147.0
30,1000,0.1,0.2,0.3,ours,28,0.4625690156528976,0.008456751213678145,0.2129717604119702,0.935,200,164.8,137.0
30,1000,0.1,0.2,0.3,ours,29,0.4941522857204012,-0.012274002634162211,0.243116200215947,0.95,200,154.51,123.0
30,1000,0.1,0.2,0.3,ours,30,0.502368769841641,-0.0062433899160063075,0.251151488925286,0.93,200,144.63,118.0
30,1000,0.1,0.2,0.3,naive,1,0.0,0.0,0.0,1.0,200,1000.0,1000.0
30,1000,0.1,0.2,0.3,naive,2,0.19631154779352175,0.022080021657833977,0.03883306003451315,1.0,200,935.52,905.0
30,1000,0.1,0.2,0.3,naive,3,0.23784496953667297,0.03394241818003456,0.05743946613813972,0.98,200,874.49,842.0
30,1000,0.1,0.2,0.3,naive,4,0.2562444026058603,0.08787397081928938,0.07305472264504936,0.95,200,818.295,785.0
30,1000,0.1,0.2,0.3,naive,5,0.266748576909906,0.0902641812446052,0.0789466516828017,0.95,200,764.975,724.0
30,1000,0.1,0.2,0.3,naive,6,0.26903696774177743,0.09429785330453018,0.08091107069947441,0.945,200,715.915,677.0
30,1000,0.1,0.2,0.3,naive,7,0.2999092553141708,0.10337591208946745,0.1001824128163143,0.93,200,669.52,630.0
30,1000,0.1,0.2,0.3,naive,8,0.2948566836602693,0.14097999527590585,0.10638112064763089,0.93,200,626.665,586.0
30,1000,0.1,0.2,0.3,naive,9,0.2609974581824747,0.1363302818320194,0.08636502055622192,0.97,200,587.205,546.0
30,1000,0.1,0.2,0.3,naive,10,0.2899844687020306,0.14219508402312322,0.10388997904830002,0.94,200,549.245,502.0
30,1000,0.1,0.2,0.3,naive,11,0.31247507399425817,0.14761548864624577,0.11894280099664846,0.925,200,513.13,470.0
30,1000,0.1,0.2,0.3,naive,12,0.30401582137208044,0.1792660493459774,0.12409980799443239,0.965,200,480.13,439.0
30,1000,0.1,0.2,0.3,naive,13,0.3355864018436429,0.1685868399499039,0.14047666454114568,0.92,200,449.28,403.0
30,1000,0.1,0.2,0.3,naive,14,0.32241396077166096,0.1953529693519977,0.14159379092461033,0.935,200,420.125,370.0
30,1000,0.1,0.2,0.3,naive,15,0.3285745093326969,0.19148546550773127,0.14408808564301892,0.94,200,393.125,354.0
30,1000,0.1,0.2,0.3,naive,16,0.36133992164681494,0.19331102678966477,0.1672828593593222,0.925,200,367.785,329.0
30,1000,0.1,0.2,0.3,naive,17,0.3457397750080897,0.23423297408471386,0.17380339821110147,0.92,200,344.075,303.0
30,1000,0.1,0.2,0.3,naive,18,0.37565074114567387,0.24712322337865117,0.2014777994597323,0.9,200,322.1,287.0
30,1000,0.1,0.2,0.3,naive,19,0.36045197680174973,0.225665411789101,0.1802008775203322,0.935,200,301.46,265.0
30,1000,0.1,0.2,0.3,naive,20,0.3644157223150293,0.19732697200817959,0.17107275845894954,0.96,200,282.02,252.0
30,1000,0.1,0.2,0.3,naive,21,0.38426514128118333,0.258678832559678,0.21383613872426643,0.915,200,263.895,234.0
30,1000,0.1,0.2,0.3,naive,22,0.3854220556033162,0.2345074345713819,0.20280114701000929,0.935,200,246.23,216.0
30,1000,0.1,0.2,0.3,naive,23,0.421347611752062,0.22861413135582465,0.2289105619350988,0.925,200,230.765,196.0
30,1000,0.1,0.2,0.3,naive,24,0.4292523841863056,0.2634343854463826,0.25273399671849284,0.9,200,215.44,183.0
30,1000,0.1,0.2,0.3,naive,25,0.431926633104161,0.27982185404154547,0.263928083302021,0.905,200,201.585,170.0
30,1000,0.1,0.2,0.3,naive,26,0.45121498114488917,0.22905494386150482,0.25504315172093195,0.93,200,188.645,162.0
30,1000,0.1,0.2,0.3,naive,27,0.47249546051287045,0.2306611918876821,0.2753402858472893,0.95,200,176.425,147.0
30,1000,0.1,0.2,0.3,naive,28,0.4550902663702586,0.2818147291053127,0.285491156332929,0.935,200,164.8,137.0
30,1000,0.1,0.2,0.3,naive,29,0.4840253306397771,0.26755487411486534,0.3046947287600622,0.94,200,154.51,123.0
30,1000,0.1,0.2,0.3,naive,30,0.5058538172023178,0.27023173521030275,0.3276338346710363,0.915,200,144.63,118.0
30,1000,0.1,0.2,0.6,ours,1,0.0,0.0,0.0,1.0,200,1000.0,1000.0
30,1000,0.1,0.2,0.6,ours,2,0.15277701364213178,0.00814579706162006,0.02329046582769018,0.945,200,936.045,920.0
30,1000,0.1,0.2,0.6,ours,3,0.1828215792303196,0.0009937977405578148,0.03325759881705583,0.95,200,876.445,853.0
30,1000,0.1,0.2,0.6,ours,4,0.22146571429553957,0.004245078253714548,0.048819847984771556,0.96,200,820.115,790.0
30,1000,0.1,0.2,0.6,ours,5,0.22732028176472957,0.006397631880589164,0.0514570676427676,0.955,200,767.325,727.0
30,1000,0.1,0.2,0.6,ours,6,0.23599744404109305,0.0012634078860108372,0.055417915825445634,0.965,200,717.54,676.0
30,1000,0.1,0.2,0.6,ours,7,0.2630308395899792,0.01075770825145568,0.06895502474935576,0.92,200,672.305,633.0
30,1000,0.1,0.2,0.6,ours,8,0.28061039508653696,0.01964647954247267,0.07873446701988204,0.94,200,629.08,586.0
30,1000,0.1,0.2,0.6,ours,9,0.2845084391182105,0.01220980197246306,0.08068940593403985,0.945,200,588.165,543.0
30,1000,0.1,0.2,0.6,ours,10,0.28698731256121096,0.03936008972538871,0.08349912564644132,0.94,200,550.055,514.0
30,1000,0.1,0.2,0.6,ours,11,0.29801380611337824,0.0020643222529526726,0.08837242891737532,0.95,200,514.255,478.0
30,1000,0.1,0.2,0.6,ours,12,0.30285933522709546,-0.0025825268512813275,0.09127182749446476,0.95,200,480.89,446.0
30,1000,0.1,0.2,0.6,ours,13,0.3188406335159051,0.021825931401061614,0.10162742411444342,0.945,200,449.85,414.0
30,1000,0.1,0.2,0.6,ours,14,0.3102232918276797,0.013951895930399486,0.09595195373849244,0.955,200,420.455,383.0
30,1000,0.1,0.2,0.6,ours,15,0.31428450095009886,2.9818238132979235e-05,0.09828087468889278,0.97,200,393.425,358.0
30,1000,0.1,0.2,0.6,ours,16,0.35066615642930776,0.003508606870678329,0.12236422982075221,0.935,200,368.135,335.0
30,1000,0.1,0.2,0.6,ours,17,0.37147183567870706,0.005687120817976003,0.13733371142219405,0.94,200,344.53,311.0
30,1000,0.1,0.2,0.6,ours,18,0.36541537874907615,0.021527310922814964,0.1333241821467667,0.96,200,322.84,285.0
30,1000,0.1,0.2,0.6,ours,19,0.40017390804304764,0.028347111499433877,0.16014201962541466,0.925,200,302.235,268.0
30,1000,0.1,0.2,0.6,ours,20,0.40736165265495156,0.04932065270836209,0.1675463252570834,0.925,200,282.615,251.0
30,1000,0.1,0.2,0.6,ours,21,0.4354111675772971,0.058527908513990735,0.19206048650179205,0.915,200,264.615,232.0
30,1000,0.1,0.2,0.6,ours,22,0.4378437607491893,0.06233298625304341,0.19463402420808049,0.92,200,247.85,214.0
30,1000,0.1,0.2,0.6,ours,23,0.4384145395301023,0.0010850880013447489,0.19124744934500534,0.895,200,231.865,195.0
30,1000,0.1,0.2,0.6,ours,24,0.41471471179499575,0.016105926432634306,0.1713877515845638,0.945,200,217.02,183.0
30,1000,0.1,0.2,0.6,ours,25,0.4719998269195433,-0.034248662142356306,0.2228428882875597,0.92,200,203.3,169.0
30,1000,0.1,0.2,0.6,ours,26,0.4744498415265826,-0.012316488191621329,0.22412883474535064,0.93,200,189.825,155.0
30,1000,0.1,0.2,0.6,ours,27,0.4903130666866784,-0.013121940637355707,0.23937705417296698,0.945,200,177.34,145.0
30,1000,0.1,0.2,0.6,ours,28,0.4661121910835248,-0.016565626370375484,0.21644869178034376,0.945,200,166.025,136.0
30,1000,0.1,0.2,0.6,ours,29,0.5164046444495918,0.023222848694284006,0.26587968872654133,0.925,200,155.42,124.0
30,1000,0.1,0.2,0.6,ours,30,0.4998473211357316,0.02813110885093535,0.24938946700951753,0.935,200,145.215,114.0
30,1000,0.1,0.2,0.6,naive,1,0.0,0.0,0.0,1.0,200,1000.0,1000.0
30,1000,0.1,0.2,0.6,naive,2,0.15277592492922595,0.03651396137699269,0.024557050197231103,1.0,200,936.045,920.0
30,1000,0.1,0.2,0.6,naive,3,0.17848287356630266,0.056499692846547,0.034889070767456516,0.995,200,876.445,853.0
30,1000,0.1,0.2,0.6,naive,4,0.2218356405056421,0.08197917745504966,0.05568558167776226,0.985,200,820.115,790.0
30,1000,0.1,0.2,0.6,naive,5,0.23147032255979716,0.10311234815641701,0.06394277401713701,0.96,200,767.325,727.0
30,1000,0.1,0.2,0.6,naive,6,0.23351928919610632,0.11728912607746653,0.0680153412305373,0.955,200,717.54,676.0
30,1000,0.1,0.2,0.6,naive,7,0.2572714154201016,0.14368441289144326,0.08650284879425993,0.95,200,672.305,633.0
30,1000,0.1,0.2,0.6,naive,8,0.26736136800999494,0.16365670959946868,0.09790820919557991,0.935,200,629.08,586.0
30,1000,0.1,0.2,0.6,naive,9,0.27193278701485024,0.16932243702071326,0.10224779112902899,0.945,200,588.165,543.0
30,1000,0.1,0.2,0.6,naive,10,0.2724898507092661,0.21101331880220084,0.11840608585777959,0.92,200,550.055,514.0
30,1000,0.1,0.2,0.6,naive,11,0.28760573809376583,0.18403032850873077,0.11617063709256889,0.945,200,514.255,478.0
30,1000,0.1,0.2,0.6,naive,12,0.30036399436660494,0.18825115658733302,0.12520593442277114,0.935,200,480.89,446.0
30,1000,0.1,0.2,0.6,naive,13,0.32273393288292296,0.21728500104362683,0.15084917715543752,0.895,200,449.85,414.0
30,1000,0.1,0.2,0.6,naive,14,0.3053999945458356,0.21618439907197198,0.13953850528736306,0.935,200,420.455,383.0
30,1000,0.1,0.2,0.6,naive,15,0.30198245971756493,0.21221799522242935,0.13577391644341244,0.925,200,393.425,358.0
30,1000,0.1,0.2,0.6,naive,16,0.3409062806345476,0.22594716534437506,0.16668812824235885,0.905,200,368.135,335.0
30,1000,0.1,0.2,0.6,naive,17,0.34010174995018444,0.24093098114973255,0.17313859199535467,0.925,200,344.53,311.0
30,1000,0.1,0.2,0.6,naive,18,0.3299151448531448,0.2620347033923858,0.1769619685713898,0.915,200,322.84,285.0
30,1000,0.1,0.2,0.6,naive,19,0.37019068258348037,0.2774006006077783,0.21330702898182113,0.89,200,302.235,268.0
30,1000,0.1,0.2,0.6,naive,20,0.37411585512255574,0.3093894152916797,0.2349846699833381,0.895,200,282.615,251.0
30,1000,0.1,0.2,0.6,naive,21,0.38772039398912406,0.3216672368656841,0.2530452796683103,0.905,200,264.615,232.0
30,1000,0.1,0.2,0.6,naive,22,0.38327410798134065,0.3378694474550241,0.2603203101632112,0.895,200,247.85,214.0
30,1000,0.1,0.2,0.6,naive,23,0.3904017910077822,0.2894608098792812,0.235439051085943,0.905,200,231.865,195.0
30,1000,0.1,0.2,0.6,naive,24,0.3933013748939844,0.30672688690948996,0.24799392478921806,0.925,200,217.02,183.0
30,1000,0.1,0.2,0.6,naive,25,0.44305671339766567,0.265935720509287,0.2660395624731011,0.935,200,203.3,169.0
30,1000,0.1,0.2,0.6,naive,26,0.44949858768401685,0.28787402512521215,0.2839101897700674,0.925,200,189.825,155.0
30,1000,0.1,0.2,0.6,naive,27,0.461731260680763,0.28949204861959027,0.2959354245183647,0.9,200,177.34,145.0
30,1000,0.1,0.2,0.6,naive,28,0.429260679787322,0.2804014456472047,0.26196837827645875,0.96,200,166.025,136.0
30,1000,0.1,0.2,0.6,naive,29,0.5038089409350891,0.3196825532127216,0.35475126654991,0.925,200,155.42,124.0
30,1000,0.1,0.2,0.6,naive,30,0.4836599592508759,0.3254339675641067,0.3386645886461622,0.9,200,145.215,114.0
30,1000,0.1,0.2,0.8,ours,1,0.0,0.0,0.0,1.0,200,1000.0,1000.0
30,1000,0.1,0.2,0.8,ours,2,0.10194717966879235,0.003675848893259769,0.010354773170295005,0.97,200,936.345,916.0
30,1000,0.1,0.2,0.8,ours,3,0.14081263877460645,0.007851398256842399,0.019790702697062013,0.965,200,876.145,847.0
30,1000,0.1,0.2,0.8,ours,4,0.17413539504427392,0.002085362010124335,0.03017586886290248,0.95,200,819.38,789.0
30,1000,0.1,0.2,0.8,ours,5,0.18924251634245834,0.016391562472623564,0.0359023496619614,0.935,200,767.11,738.0
30,1000,0.1,0.2,0.8,ours,6,0.20627492331076688,0.009854935147489367,0.04243371701368966,0.955,200,716.935,681.0
30,1000,0.1,0.2,0.8,ours,7,0.239401622091201,-0.001555785320675136,0.05702899144456275,0.93,200,671.01,631.0
30,1000,0.1,0.2,0.8,ours,8,0.2511830490705995,-0.003598586734665531,0.0627904093461881,0.945,200,627.665,585.0
30,1000,0.1,0.2,0.8,ours,9,0.2659940692905591,-0.010809547847339904,0.07051592699792592,0.94,200,587.245,548.0
30,1000,0.1,0.2,0.8,ours,10,0.28647449747482945,-0.015512127661542294,0.08189792561952675,0.925,200,549.105,503.0
30,1000,0.1,0.2,0.8,ours,11,0.29856116262130433,-0.007764667783875756,0.08875336405244996,0.93,200,513.125,456.0
30,1000,0.1,0.2,0.8,ours,12,0.3003583703445979,-0.013606397926002387,0.08994920894740302,0.925,200,479.935,433.0
30,1000,0.1,0.2,0.8,ours,13,0.3071353700733546,-0.0062980024139428145,0.09390013970675204,0.94,200,448.43,402.0
30,1000,0.1,0.2,0.8,ours,14,0.3217771404627791,-0.0073904073065420494,0.10307744360393765,0.945,200,419.72,371.0
30,1000,0.1,0.2,0.8,ours,15,0.3375435402298322,-0.004268708104959405,0.11338418521201925,0.93,200,392.81,348.0
30,1000,0.1,0.2,0.8,ours,16,0.33861297293589643,0.011904217533964938,0.11422716210837965,0.965,200,367.27,323.0
30,1000,0.1,0.2,0.8,ours,17,0.33374019358869905,0.013090762524948616,0.1109969722960238,0.945,200,343.39,300.0
30,1000,0.1,0.2,0.8,ours,18,0.3522904610479341,0.019063372398546777,0.12385143826784482,0.95,200,321.39,278.0
30,1000,0.1,0.2,0.8,ours,19,0.3536019555872262,0.006821375739853295,0.12445570244711938,0.98,200,300.785,260.0
30,1000,0.1,0.2,0.8,ours,20,0.39858030847945,0.03580736687955554,0.15935409851888274,0.92,200,281.5,234.0
30,1000,0.1,0.2,0.8,ours,21,0.40096137491592104,0.030175390670185404,0.16087672825569174,0.94,200,263.185,216.0
30,1000,0.1,0.2,0.8,ours,22,0.38469874560653866,0.03951487622291293,0.1488145846898003,0.955,200,246.28,188.0
30,1000,0.1,0.2,0.8,ours,23,0.40616390115804374,-0.00908871480159805,0.16422687376764633,0.955,200,230.935,172.0
30,1000,0.1,0.2,0.8,ours,24,0.4333858112598733,-0.01124278785680547,0.18701054537316472,0.925,200,215.89,161.0
30,1000,0.1,0.2,0.8,ours,25,0.41950888484069704,0.0031783081474082518,0.1751178675806636,0.965,200,202.11,148.0
30,1000,0.1,0.2,0.8,ours,26,0.43806783612796685,0.004262361902154588,0.190962079633575,0.95,200,188.73,134.0
30,1000,0.1,0.2,0.8,ours,27,0.41166882176411806,-0.03254074509435096,0.16968276280988948,0.98,200,176.71,127.0
30,1000,0.1,0.2,0.8,ours,28,0.4404214381373752,-0.05654759342745682,0.19619881827757582,0.975,200,165.62,118.0
30,1000,0.1,0.2,0.8,ours,29,0.4813187292723427,-0.040941843253162205,0.2321856150815676,0.965,200,154.71,110.0
30,1000,0.1,0.2,0.8,ours,30,0.46860083875937536,-0.02968391618646761,0.21936994723572537,0.98,200,145.13,103.0
30,1000,0.1,0.2,0.8,naive,1,0.0,0.0,0.0,1.0,200,1000.0,1000.0
30,1000,0.1,0.2,0.8,naive,2,0.11755259188814594,0.0317575099357392,0.014758058237641465,1.0,200,936.345,916.0
30,1000,0.1,0.2,0.8,naive,3,0.1599003677889157,0.06176266140664242,0.029254913324966915,1.0,200,876.145,847.0
30,1000,0.1,0.2,0.8,naive,4,0.1943743993249269,0.0781188414621666,0.04369505346875264,1.0,200,819.38,789.0
30,1000,0.1,0.2,0.8,naive,5,0.19821769041354326,0.11198853663941048,0.05163523386755148,0.985,200,767.11,738.0
30,1000,0.1,0.2,0.8,naive,6,0.21315691327470046,0.12374137596224044,0.06052061845344271,0.97,200,716.935,681.0
30,1000,0.1,0.2,0.8,naive,7,0.24445894625173709,0.1261232681917791,0.07536845429987256,0.965,200,671.01,631.0
30,1000,0.1,0.2,0.8,naive,8,0.26281329190212815,0.14271870479191523,0.08909410096591291,0.96,200,627.665,585.0
30,1000,0.1,0.2,0.8,naive,9,0.28499331109689763,0.14543603501229693,0.10196672171322124,0.945,200,587.245,548.0
30,1000,0.1,0.2,0.8,naive,10,0.2920688588323244,0.1529011642822373,0.10825646324698189,0.935,200,549.105,503.0
30,1000,0.1,0.2,0.8,naive,11,0.2987341170579434,0.16791981357862595,0.11699292612319759,0.95,200,513.125,456.0
30,1000,0.1,0.2,0.8,naive,12,0.3000097733425091,0.1694713190495429,0.11827636276091054,0.94,200,479.935,433.0
30,1000,0.1,0.2,0.8,naive,13,0.30557496361694575,0.18483953240750683,0.12707483083817597,0.925,200,448.43,402.0
30,1000,0.1,0.2,0.8,naive,14,0.32323576097638107,0.18878773163678275,0.13959975800467211,0.93,200,419.72,371.0
30,1000,0.1,0.2,0.8,naive,15,0.332214873962083,0.20138988350830495,0.15037277404872312,0.91,200,392.81,348.0
30,1000,0.1,0.2,0.8,naive,16,0.3505090596198578,0.23123039878983476,0.175709815195725,0.925,200,367.27,323.0
30,1000,0.1,0.2,0.8,naive,17,0.3529734542229673,0.23731100587907306,0.1802838216005002,0.915,200,343.39,300.0
30,1000,0.1,0.2,0.8,naive,18,0.3423427641579843,0.24657412846259613,0.17741137615756153,0.935,200,321.39,278.0
30,1000,0.1,0.2,0.8,naive,19,0.34891856408070193,0.24039972384084443,0.17892747076109244,0.94,200,300.785,260.0
30,1000,0.1,0.2,0.8,naive,20,0.38866544192215136,0.27793837130661797,0.22755525986039393,0.905,200,281.5,234.0
30,1000,0.1,0.2,0.8,naive,21,0.3966902301050509,0.2771245201779184,0.23337432265133573,0.91,200,263.185,216.0
30,1000,0.1,0.2,0.8,naive,22,0.3755882442521971,0.2971373068821792,0.22865177571554013,0.92,200,246.28,188.0
30,1000,0.1,0.2,0.8,naive,23,0.41073431355294754,0.25170188053616577,0.23121299961360428,0.93,200,230.935,172.0
30,1000,0.1,0.2,0.8,naive,24,0.4391541405958963,0.2613585913127738,0.2602003906595052,0.895,200,215.89,161.0
30,1000,0.1,0.2,0.8,naive,25,0.4435321861245705,0.2760690059136708,0.27195129215396086,0.925,200,202.11,148.0
30,1000,0.1,0.2,0.8,naive,26,0.4526106930167333,0.28429555175032134,0.2846561179809418,0.94,200,188.73,134.0
30,1000,0.1,0.2,0.8,naive,27,0.40926377930671026,0.25102494722764346,0.22967288097779076,0.965,200,176.71,127.0
30,1000,0.1,0.2,0.8,naive,28,0.4248811752590977,0.23530084598968812,0.23498788114756727,0.95,200,165.62,118.0
30,1000,0.1,0.2,0.8,naive,29,0.46631136960312913,0.2567618602825179,0.2822857148497797,0.935,200,154.71,110.0
30,1000,0.1,0.2,0.8,naive,30,0.4869742461010632,0.26853532426749044,0.30806941716331665,0.94,200,145.13,103.0
